0.13875057386826675,0.5513495703055504
-0.14621764931432285,0.45159394373120965
-0.07888134515250708,0.4888087275296321
0.08075342997156185,0.689032917545766
-0.09082563392145411,0.4640010463080835
0.2655389349549176,0.552115176222005
0.021408907796381285,0.5435809215377937
0.13865602624454182,0.5921419487214994
-0.12432750343670951,0.5006512226424049
-0.07517209836661934,0.5527752137406263
0.19125945177920392,0.5851973264507698
0.08837803854687741,0.554449956761475
0.08371493440413366,0.6302124785705022
-0.014730416275097902,0.6004926094010634
0.05815586891365669,0.5616899839137025
0.09606487390646973,0.481315314544573
0.03034355155996067,0.5667284851149618
0.0216319359222193,0.5355913167010158
-1.0846149311611458E-4,0.6404286627826606
-0.17929421766592596,0.5976719735616014
0.21266311792573311,0.5579890591096218
-0.12985635697866152,0.5983053093347741
0.05958811559940523,0.596791985482477
-0.033124534189432786,0.4990219311846465
-0.046396003300925616,0.5167563358854356
0.09826707555296482,0.5983073895746536
-0.021020571102854418,0.6076281062833915
-0.07710211846946136,0.5603843173527667
0.07800776117085008,0.5235904089707878
-0.09872912243153906,0.5390605624204321
-0.02628519905778994,0.5914279951264231
0.030757588686337045,0.5350996880099586
-0.19165487413488097,0.5441735055347927
-0.2674672259323405,0.5668736925826657
-0.18955713418062806,0.589304072290977
0.2490698987255423,0.6050325308035963
-0.030107486116699066,0.5878446819940635
0.06394784534834197,0.4816043638830887
0.03236357563394134,0.44432375002511665
0.16054412832176596,0.5472320969285284
0.03328659810819674,0.5947606629092084
0.19717882393839806,0.5989151360896784
0.11004813351609533,0.5638690357340325
0.019807776780105132,0.5365027355336716
-0.15889553122012098,0.5181508780066479
0.2503406397062854,0.5784655285110671
-0.10089170006024926,0.5142587453870885
0.14574100659517006,0.5858336757040864
0.11440727999178385,0.5696142748727594
-0.14667662690668598,0.6303760352337088
-0.07153356818436822,0.5386718623404676
-0.18123693974211413,0.608666862281613
0.10284865623597941,0.5250926963645144
-0.02822623119826177,0.5338063128112679
-0.024097718282505176,0.5386343898791799
-0.07112682852731439,0.5761820024668921
-0.0016456231571235526,0.6412311243039203
0.06015897618308401,0.4668107085997443
-0.019013415980463255,0.5075457483060972
-0.022779626739414194,0.48762055265373855
-0.002932308957399009,0.5599596900160828
-0.0725446218333809,0.673624700142085
-0.16519813026315858,0.5520406051011933
-0.04796739897937492,0.4838441508534617
0.034246781624128864,0.5552272541069654
-0.28408580931127003,0.6102574712065997
0.10525963625643539,0.5886030168595913
-0.12979848839859973,0.5241983181068702
-0.09243361481007126,0.5134503782294652
-0.042264183499881904,0.4588087103500459
-0.02037333011066436,0.5327456977261846
0.09107603934810643,0.42897493466284475
0.06663299127449905,0.504235523230896
0.0968306756925082,0.4899643155363112
-0.19482341203337838,0.6104974771762149
-0.1654870616238327,0.5257147579986181
-0.17253345882886256,0.5541013654358143
0.006548428422406327,0.51525980781357
0.2928625482219001,0.5156985054367479
-0.10857724141691505,0.643270404598821
-0.054613721835172144,0.5761889084319558
-0.26466313890746035,0.5047409043076166
0.14145921499723665,0.6022176724689532
0.3610117329110534,0.6564376921518325
-0.16609790938331984,0.5920169957851023
-0.08317823684376298,0.6506407585579815
0.17341896883011104,0.6190816672808883
-0.06185303807949049,0.5741311910504383
-0.059534970745245754,0.5137152160658669
0.12492399281364241,0.5644568504887174
-0.04036731995806952,0.5762476260112775
0.31279143672680576,0.511902572752528
-0.1069350992216316,0.5750238587964999
0.14949531727060658,0.5048621268964673
0.11288743725832201,0.5355891090388594
0.07735768579172056,0.5622751682342754
-0.09728868790937037,0.5189422024733341
-0.09590748554391886,0.5377735728409656
-0.23566078765459528,0.5382579778453331
-0.1082300134059505,0.4849109503118774
6.921881191783788E-5,0.5864532101092039
0.11239832172879946,0.5911096819402025
-0.05987726320608992,0.5394057280680429
0.022940572544592697,0.5293137091678805
-0.0935846665604482,0.6161924017211082
-0.031079056406646006,0.574292935051249
-0.13026032646998253,0.601129703023178
-0.08694332812124714,0.5368652985035047
-0.06905141135351331,0.5191443763591831
0.13076890995479185,0.5421899325418068
-0.09999778465491363,0.48007281275122937
-0.03124253009550159,0.4935007144438312
0.16163688283032127,0.6020312448677542
-0.2108173779765285,0.5262485664833737
-0.13027581698839366,0.5561597209603761
-0.11876324448785396,0.5090737995640596
-0.030449842752259777,0.6097892894748893
0.12693596173358881,0.5762626604051788
-0.07631389353719512,0.5520784034629059
0.07538887824734125,0.5283433456319392
-0.07016080270747913,0.5452616500291426
-0.010899519241737782,0.5622924637674677
-0.11708488324437503,0.5845872809365618
-0.14667322489387077,0.5958400073463406
0.05245604805740198,0.5374767089646098
-0.05331576480547244,0.5101872817374857
0.1341738811658189,0.5286168818636598
0.16535515620459634,0.5344948374912097
0.29141337982828336,0.6179732013316306
-0.05408044126308803,0.46350488204768814
-0.4127883090243466,0.5276038204938809
-0.05172542986285618,0.5750539381091604
-0.1733223397595432,0.585326831612548
-0.3167259729023236,0.577624676110346
-0.07348801408211483,0.5259909120832299
0.15054602981056012,0.5473010154280563
0.17767707409947536,0.537364548844131
-4.4485933612127895E-4,0.6407636219445136
0.040054880684940355,0.6226786947715692
-0.1748970539175468,0.5111988870824222
-0.07383753843406642,0.5738675608383036
-0.059359918574327174,0.5684997690246715
-0.059732202377522796,0.5463559344841818
0.059758230121495656,0.5939830138221631
0.12386279216176807,0.52973524539199
0.026442735708104514,0.48370190595076024
0.014019856282415519,0.5324601823638846
-0.1259472723450227,0.5749327229685576
0.018181778131241236,0.5716323148502463
0.16723248429537696,0.4923845452848419
-0.22304295191514892,0.5362085628233688
0.18171947425316085,0.5912240267304915
0.05013165431783262,0.6409436455026911
-0.02671666009483444,0.5633864483739004
-0.1450227411733801,0.584303661149527
-0.04683099068631949,0.5838507789907046
-0.153376665754009,0.5828298907310444
-0.18271197347165996,0.5820697232304312
-0.09171654944542934,0.590046379198861
-0.1401045146696055,0.5065551343957898
-0.09491978623832575,0.5622689011014835
0.16865426877061282,0.6108834669078541
-0.02070442093854684,0.5750334858938562
-0.11810220754492368,0.5043425655985553
0.18270199414902308,0.6379404997202099
-0.023360597800188312,0.5031034589171917
-0.2145181994402948,0.6039031118238376
0.17908584344414583,0.4790241879778476
-0.28855084309285267,0.5069486810506282
0.09262157992729257,0.5168646417807788
0.0744508618305519,0.5437460902640453
0.14600498973915985,0.5470041666655171
-0.04873814650213132,0.5240263543982286
0.14872530783097562,0.531519091323239
0.12748738454992978,0.6075925076838716
0.2740099900998767,0.5180943807325367
0.12651559081081293,0.5531337934917699
-0.1522812700775706,0.585326289871238
-0.07211494046200584,0.5580227651418785
0.07910212005776975,0.5542318384214017
-0.05818045939181008,0.5019119776796969
-0.2131015977449358,0.5497802585672408
-0.4071278295445218,0.5773755112666444
0.13840877579676492,0.6316387221673588
-0.11962331452509628,0.6108934788271452
-0.2135014073473395,0.4940691103408931
0.12122236666763653,0.544295009743012
0.06587737360892838,0.6520356002804754
-0.027909382680954775,0.5462597345089439
-0.164562496218697,0.5471501364739703
-0.03522781787345496,0.4223920348057095
-0.11493713971154364,0.5169739555010243
-0.20767727842711647,0.6977597222004511
0.014277785187102855,0.5264980222377935
-0.2470964855277569,0.5066330213720672
0.25437905663430527,0.5499470052017483
-0.06505799922579696,0.5964612899876588
0.03818697014397261,0.5686668298485787
-0.055127233965535274,0.5584565564680122
-0.04462030778328201,0.5811167834557017
-0.739199260833985,0.27648618432704414
-0.7760474783090686,-0.24839248584120632
-0.7239106039204182,-0.12477399129885874
-0.7545331326299236,0.2638728823976236
-0.7640822805755823,0.03651989389105775
-0.7495070778935705,0.2969586358926165
-0.7356542504352659,0.44319633934215064
-0.731433457218449,-0.2591887770548531
-0.745768738936356,0.4231797923748775
-0.7138973565945705,0.3787164427498175
-0.7151057319646436,0.38070575061870177
-0.7482449794532904,0.31969036726880334
-0.7566549145903662,0.12659491388735236
-0.7562742510118712,-0.09272762444534055
-0.7515479374475559,0.042712915948139696
-0.7444639032913708,0.6605473495736114
-0.7434472281694595,0.23844827449463907
-0.6947253225023616,0.3377417308606669
-0.7466863894489593,0.07165443680458342
-0.7493975164226663,-0.08119607216952973
-0.716737739737809,0.19850335977919872
-0.7658355485674734,-0.047918405265223785
-0.773511479087968,0.38760985935534714
-0.7348022284328711,0.343713605932522
-0.7306825954460485,0.11719894405745684
-0.7841366058284946,0.032116075336627664
-0.722753007480557,0.28121944830439566
-0.7381207993165019,0.38661572087968044
-0.7610976464168429,0.585884099050284
-0.7018684053519137,0.5076752452931285
-0.7250395946342304,0.22803820466527094
-0.759576417318762,0.30173119964161127
-0.736272359492926,0.0053223897994471026
-0.7105668915587928,0.21432689625434856
-0.7576049957923635,0.06066099431029187
-0.7552737232594907,-0.10764149745116547
-0.7662507165785684,0.3233208738425105
-0.7528298146823237,0.08210926488188391
-0.725961333203897,-0.10290683845784643
-0.7113207703127274,0.36359145721487995
-0.7439564539647441,-3.850001938176806E-4
-0.7404944828320721,0.45570536741435147
-0.7416270771843717,-0.005315874697838646
-0.7892208814029572,0.32157010766318084
-0.7252838264938427,0.2958518821188275
-0.7639065659721976,0.10039962736062011
-0.7191123928763641,0.19468133396758808
-0.7595359554188389,-0.03959714982851936
-0.7711462107433301,0.31007329326751676
-0.7502921837967464,0.4930123579262894
-0.736649447343282,-0.01893471977333855
-0.7027555996341717,0.11423172454740156
-0.7745115440183312,0.5005733565511954
-0.7106646918843239,0.04162343641355859
-0.7743511661603059,0.10030639226539952
-0.7621694194051063,0.06857579458513044
-0.7381072368848103,0.03095323677918327
-0.7453208009990855,0.3410406334916446
-0.7353299927027185,0.17372980519310893
-0.7029169352401317,0.1798948649214148
-0.7461223837450653,0.2298946479646332
-0.7111618868380102,0.4430822107595189
-0.7355489409922473,0.6678214600496147
-0.7139234962988357,0.44185149147050384
-0.7496222288841564,0.3352817547388232
-0.7680740111470559,0.42443673503127366
-0.7429776238327486,0.1989233181885412
-0.7474231537644841,0.5473228452432968
-0.7244922170606019,0.32306973199254935
-0.7675804568223874,-0.06426046244454664
-0.6785385160442361,0.011006189989877235
-0.6992057639737617,0.3266462490377555
-0.7493165441240683,0.15413209722893795
-0.770895682293353,0.13636124587425236
-0.7102287291617597,0.5267477642842744
-0.7757855931768457,0.23203759820883083
-0.7231673151470501,0.0018518942050338716
-0.7266546891238599,0.28698686927393746
-0.7332500448132305,-0.17311156731658628
-0.7624426142565182,0.46614673726721184
-0.7517145817883681,-0.09159806986129249
-0.7669469062502487,0.014025584108569827
-0.7802828753825941,0.33551878777273836
-0.7432420307634229,0.42389156826221114
-0.7160929056282045,0.3778351428648761
-0.7598417496508064,0.13309311605611301
-0.7438250540706829,0.15684869331911835
-0.7210005123505138,0.27199192430772295
-0.7524837902586199,0.5001717967784527
-0.7528163248962446,0.16769853657024372
-0.7773331216185797,-0.07226652301773817
-0.7471349874759747,0.10625496658071817
-0.7627552758966623,0.6501318737609124
-0.7140667904469408,0.156640744663159
-0.7214646417466248,-0.1538308477451415
-0.7588077300783181,0.2322946147095537
-0.7349302114649822,0.18756396628038197
-0.7372740903759012,-0.12399005395266421
-0.7015694028233822,0.18100401694662172
-0.7066361631564931,0.2744259537417797
-0.757437422782157,0.10857923851720983
-0.7416572684715109,-0.32903969506570785
-0.7256255476543598,0.3070893305688208
-0.7215182527313243,0.10077199606094583
-0.7568496480889878,0.3425238056444401
-0.7601801427440077,0.2796827454976517
-0.756777187322191,0.2825558606526443
-0.7680331355024171,0.5157263017503664
-0.7552061520596225,0.5375784136262103
-0.7477451298088678,0.218199879945136
-0.7462921505448545,0.5042274718526265
-0.7546528675489019,-0.02848459819894808
-0.7531236114956428,0.16200734722300306
-0.7039843135999242,0.30522093112884074
-0.7511073261811575,-0.2789864573733009
-0.753959027555869,0.2249525934630127
-0.7427494293961382,0.5762114250940789
-0.7568066974637389,0.31866858975017287
-0.7485252245401713,0.6690702748885449
-0.7414017251776802,0.1119464169937515
-0.7357129995211534,0.5752814353565391
-0.7827312189305546,0.26356178961357346
-0.7194629227743228,0.17421353122643757
-0.746355638085282,-0.0450270690562492
-0.7363833494625195,-0.05631867033623594
-0.7565796692851265,0.07840210182195667
-0.7755196878367503,-0.05828292990818734
-0.7240689544111965,0.37311749384012344
-0.7573883230662195,0.07132533072816999
-0.726974876317684,0.38836039065648476
-0.7985492446162067,0.24398809526265022
-0.7550922541090811,0.24651889353937526
-0.7590403023054957,0.2963403151366505
-0.7334920736570579,0.23965987221928925
-0.7671043350113869,-0.017718218307504474
-0.7461736586076275,-0.2844205903105522
-0.7450181350406618,0.32493234003447174
-0.7386681513989033,-0.06894241835037873
-0.7441109075449129,0.14008936237161923
-0.7520645094388653,0.6327916935837958
-0.7422803001323889,-0.3905241606821739
-0.7468383777879015,0.008320396873024716
-0.7259944673537522,0.41619920327207305
-0.7481690271871875,0.2673551951395886
-0.7645249520299853,0.3038212457009736
-0.7317560572208845,0.19640770408886998
-0.6954617312261127,0.2500957454125427
-0.7445217536356787,0.25363581236014404
-0.7555559385940033,0.6375177619396479
-0.7584859960022855,-0.07505649723779473
-0.6767265561375359,-0.19054522704602922
-0.6803902690402173,-0.07793046405519538
-0.7545517863842409,-0.03302276469288784
-0.7103923441020895,0.3727021127113801
-0.7566898035584066,0.45134986415365375
-0.7349486000998666,-0.27105073667815455
-0.6989848468971975,-0.1463798468012391
-0.7207654521404178,-0.08958470159723775
-0.7219903338453808,0.335448286852122
-0.7587901030387364,0.2507259657858043
-0.7580001644465474,0.15155180344343888
-0.7292713411136641,0.20484729648945232
-0.7234101529517023,0.19625818920459795
-0.7346555293025778,0.5308828687704061
-0.784268888390057,-0.025833985274464788
-0.7762340216201087,-0.03600227838980424
-0.7554972662736591,-0.09513116063090188
-0.7157611867921108,0.4166665267226519
-0.7760540454537794,-0.47109531630745827
-0.7314009819285708,0.5592905606812824
-0.7517294318922279,0.16545353189571277
-0.759964931609084,0.21526351232429242
-0.7127752386559186,0.17953458516263443
-0.7556594104917443,-0.06511732851450402
-0.7739679443460599,0.28647140658795406
-0.807489561702486,0.12088727716473108
-0.7392247185510061,0.25931692726883754
-0.7600784865872283,0.21218238831907624
-0.7498560183797109,0.34093382154931945
-0.7206598881807699,-0.057914982542241256
-0.7498562434171702,0.25055413062522264
-0.7632109048335352,0.22984649198061724
-0.7363811620639883,-0.08669722482666237
-0.7172721580825486,0.5453343175835423
-0.7072117735380841,0.5527209336665287
-0.7530911240694906,-0.21696406098595133
-0.7784669893757343,0.34360270878226445
-0.7722492849626219,-0.18477834488106776
-0.7538971788614687,0.1469589771605631
-0.7142452912996433,0.3385274408228495
-0.7542790414670371,0.3965866539911537
-0.7921619413832068,0.14699409484999637
-0.7422265045285401,0.3517331355295613
-0.7565887663735463,0.34017259789098897
-0.733269825945334,-0.08754990148178848
-0.7812592153621245,0.7247423356470988
-0.7181689196278312,0.04083712662200653
-0.7604233577804642,-0.10717696690653555
-0.7445374161406183,0.25206184359786155
-0.7687274794857205,0.38099308508517604
-0.5134188864038177,-0.44786985066550977
-0.4723501220179124,-0.44710031733882494
-0.4497475782098303,-0.4670389863163761
-0.33296199704620966,-0.4489290125950832
-0.6439231817366096,-0.441418922690545
-0.5120853261832834,-0.45810990969981935
-0.6961213088934641,-0.44059488871986063
-0.41811745213029056,-0.4534539380169472
-0.6309790279025127,-0.46009527974752584
-0.3268068701521038,-0.44786252302117974
-0.42245657054891755,-0.468642317464872
-0.30138913240340703,-0.4423943768972125
-0.48845223855234143,-0.44627075322096343
-0.295242426035505,-0.45848286662309246
-0.5327084771086674,-0.4478817706798836
-0.12411021097374975,-0.46103517743230693
-0.2907744834100664,-0.4481336911430799
-0.3354907309693598,-0.4592802411230465
-0.37823362990983944,-0.45676431374557636
-0.4670020492973518,-0.44458975250699967
-0.7248704637027755,-0.46887993060979455
-0.39889928133458274,-0.45022593546048517
-0.4682837730958995,-0.44797780063446163
-0.5667747706980173,-0.43768141532841265
-0.536864380433786,-0.4540428550976965
-0.36253440643078927,-0.46019980500835167
-0.14492529305070945,-0.45375078302057115
-0.6695605265328239,-0.4503728014154192
0.02857318243498258,-0.475978197951518
-0.4280217552875658,-0.45891987327663913
-0.5432183159217316,-0.4442139080461316
-0.342248278579442,-0.450860617795852
-0.49113356505509204,-0.45482601216042207
-0.5827534303864429,-0.46559158931470923
-0.4916897171563164,-0.4503205261760815
-0.5142025555543009,-0.45656006604456534
-0.34967710965504384,-0.4472783141200191
-0.33650683055690955,-0.4597596156492876
-0.6465268008838367,-0.4427674077140895
-0.5245080233318122,-0.4409798344407736
-0.29565822974089506,-0.44692487355858374
-0.6610185201897003,-0.4440226741059113
-0.4069689691343965,-0.45666736358093996
-0.38756679595578053,-0.4495475348393449
-0.2718499596582644,-0.4443710849769253
-0.4245745035313599,-0.4426906296192826
-0.705562542718787,-0.4565247818650912
-0.5187722173023234,-0.4429955819525134
-0.44154860238822363,-0.4619500863208371
-0.3747315189092734,-0.4381838172595559
-0.4026590319273597,-0.45627132069646426
-0.16281625307865505,-0.4248719119055683
-0.4836370261578871,-0.4589039947559975
-0.37674325533643804,-0.4428737625896518
-0.6350718804637205,-0.46385562528066593
-0.16676996362308033,-0.4604976180768503
-0.47223480887611,-0.469834529298101
-0.712763992384568,-0.47764611939060164
-0.4420022342161384,-0.4514226392686596
-0.5239979405901762,-0.4423416219496898
-0.49631000891075777,-0.45951813220412085
-0.9015790490501203,-0.4491390567491347
-0.4343944332737869,-0.44205176381847716
-0.15515033909168946,-0.4512737830818293
-0.436246994916209,-0.44263231552224186
-0.667834544968827,-0.45387229891129954
-0.2867688244535722,-0.4344442626755725
-0.6421540343473389,-0.4592652664391276
-0.19388605423978345,-0.4416271791480952
-0.057749609928081036,-0.4712758028824975
-0.3760347113737096,-0.4567778071122915
-0.3667058899587451,-0.45217402807378865
-0.269496028538607,-0.458061539728257
-0.5388863860733283,-0.44732886711561554
-0.3355171859240025,-0.4542585033919198
-0.5519170754909448,-0.4437551388255448
-0.35680119377732533,-0.463812383511841
-0.5271458837365152,-0.4556140673271063
-0.3778298569154961,-0.4378289871917699
-0.39638920106093795,-0.4464304331096612
-0.3965472993979909,-0.45094909487938817
-0.2985949089918246,-0.4453919751455609
-0.3768219958404323,-0.4363076932494164
-0.7157528991459033,-0.45982039164327654
-0.3272687594478948,-0.4498425751529079
-0.4888788148065121,-0.45278998390727576
-0.8131251653026843,-0.46134647259608563
-0.6715707323054172,-0.4651845247933368
-0.6094625726656675,-0.44964495445974895
-0.4126103147903885,-0.45830858714431877
-0.6366871354143782,-0.43708800336499626
-0.4158943294913391,-0.46047608867665724
-0.16561744056735772,-0.4440539119075575
-0.3604215048163015,-0.4380742306707855
-0.6576920670710574,-0.46705329687716746
-0.571129513435626,-0.452326220368862
-0.24194267747595047,-0.44685652503398854
-0.2301338829523663,-0.4689663772522662
-0.625284817042644,-0.47763883196422696
-0.6625401401392548,-0.4433055931867607
-0.2500264113993522,-0.4562165703507849
-0.18274289006889777,-0.46136777639562115
-0.5305567574006452,-0.45311395847944025
-0.34286901278184884,-0.44500200433601367
-0.3293013263186823,-0.4428946188951954
-0.4032111411091031,-0.4649064754763525
-0.6878358623972172,-0.4522303951074929
-0.32689181121806055,-0.4498935618078187
-0.4242862488014021,-0.4574635449954487
-0.31560980910839354,-0.434548092723945
-0.8293513926442966,-0.4527240140342439
-0.500449476612113,-0.4431517425153688
-0.3107310976192925,-0.45291295548929
-0.4484883448523849,-0.4554963703666366
-0.19342000658107236,-0.4527500673059978
-0.22285700969619804,-0.46222035240414727
-0.5347143698662064,-0.45606605866446764
-0.18753735504189922,-0.4354416156140618
-0.298454098049118,-0.4581188869118441
-0.3975646527830657,-0.46700329693277787
-0.2526505255354233,-0.4376492974438123
-0.4676589017278567,-0.44989245836959835
-0.5406355623299282,-0.45165848989507873
-0.21475046801578945,-0.4598433732685993
-0.4837488221541727,-0.44193461256213606
-0.34835592994163317,-0.44924984976451254
-0.4953554180427958,-0.4474235196951763
-0.4504098321864958,-0.430595149094471
-0.3278504921814622,-0.44267252579563615
-0.4652999294694551,-0.45917340594467304
-0.33218460303292857,-0.4495894252475201
-0.8019487830556148,-0.46907724852965677
-0.37501128076827916,-0.45679235486868175
-0.14191909121723872,-0.45377995805779553
-0.6288996508420632,-0.4319218152502852
-0.7094783106435574,-0.4516213949484644
-0.3088493159338551,-0.442104449813705
-0.7473736160195197,-0.45733551246353893
-0.4119968747148707,-0.4414807520283266
-0.41778144515203963,-0.46291237476916125
-0.32979054206989056,-0.457286886667786
-0.5909119060747096,-0.44616014355756306
-0.3393206390858605,-0.45026764523532264
-0.3344858210564326,-0.42857744735001113
-0.5834125591247188,-0.4544401924289232
-0.3368472764185088,-0.45439616207184214
-0.4350226232211976,-0.45535172022440085
-0.4045955436257988,-0.4549871087789515
-0.672350639229143,-0.4686429289173256
-0.6299202578050171,-0.4362391515447917
-0.29937747485836186,-0.45071047301236095
-0.30633140611402787,-0.4383913820450039
-0.2718305073253582,-0.4748685433840709
-0.28235047305120387,-0.4496279217174565
-0.2649098922068822,-0.44981529208923615
-0.6766213883395075,-0.44975024011585196
-0.05987910742366226,-0.4524819096429228
-0.42930370745250573,-0.4600692509061405
-0.2650604821378606,-0.45690300595562117
-0.4781887717826887,-0.4438024654501322
-0.3854718354793449,-0.4491435307740652
-0.35598935041708174,-0.4726532973233917
-0.5980069150574276,-0.4516878358481243
-0.3670198652093293,-0.45579767419864164
-0.43047757114281515,-0.4257218939290711
-0.66916173017366,-0.4347717693500883
-0.23958445120926936,-0.4435885178155751
-0.08016175924991831,-0.47508860545123766
-0.8651091786571837,-0.46366727809501185
-0.1842293393758106,-0.4533618504270551
-0.4062288186598615,-0.4466614743429076
-0.31890389984921946,-0.46919947372014087
-0.5112164711849203,-0.4454358023711938
-0.18729030618722542,-0.4427515339681398
-0.4471273844703722,-0.46523914602101757
-0.42849190523074776,-0.4410674961517026
-0.2732303554394262,-0.45868730919324757
-0.49179009249172434,-0.4548134413155862
-0.4459118985198625,-0.4479941093453239
-0.43615212635959183,-0.437173834314536
-0.25286615211732866,-0.45455810836130667
-0.5155966958267629,-0.46336540221869815
-0.3335886113023102,-0.46267509192748296
-0.11784464568491726,-0.4466057631100518
-0.4935719171881177,-0.4437139883140123
-0.5046734919996242,-0.45298729062500276
-0.6748728620510194,-0.46339445395591267
-0.281316766445445,-0.46717388260619286
-0.49286275725517714,-0.43042962150994607
-0.39750656371292037,-0.46205217853178016
-0.40837044181841364,-0.4459132391354303
-0.44308703533956123,-0.4481609694971186
-0.7448686293298874,-0.45620913758386683
-0.6393669086820026,-0.4557663013510596
-0.38856364958972467,-0.4497938668120753
-0.2957767942894046,-0.45402953814793795
-0.44675751302778705,-0.45747766445600235
-0.2396890999108275,-0.43239536851034427
-0.521147128962739,-0.43918637439933955
-0.5488772402937434,-0.44053423093208466
1.097905838179141,-0.5357310920015963
0.8656124444153727,-0.7357978487309983
0.9794176116743284,-0.9960299977740746
0.9893499100918012,-1.0643998941340131
0.7205755950554464,-0.879593905410897
1.2399265091594933,-0.9739535521022312
1.158442793783899,-0.7892769534613079
1.1661075397426843,-0.8313122135052871
1.0759472658862743,-0.8300509371813155
1.2113833148552657,-0.24237219711954872
0.4252811627072267,-1.010926952461668
0.9007634449084835,-0.951736351352375
0.6966114823429794,-0.6495567940355531
0.8556222134409105,-0.8625004246563687
0.852214733760327,-0.9877533483807426
0.8355072010825766,-0.9151542446592671
1.1529872837619541,-1.02834082666593
1.0092406778052738,-0.9087667574609177
0.8990609531598529,-0.7923422608676383
0.9606707549051591,-1.1456302146854886
1.1009637324536117,-1.189430174860488
1.1007600560094042,-0.5988277753093665
0.9547335684425301,-1.0015176253031122
0.7913181338340594,-0.6448834022780068
0.7486051152117122,-1.2085365499920806
1.0327522485835943,-0.7383655146980294
1.1976799375092573,-0.6765556195283637
1.2013310509594453,-0.698083936391733
0.877309793778865,-0.8378570892106402
0.838918565440586,-0.9473443011546061
0.9685432772172552,-0.6440287174072229
1.1798130575543098,-0.6419487362352025
0.8603977061061755,-0.6083107441060132
0.6599854235371074,-0.6510446341565067
0.8160769876114339,-0.5756884196161929
1.0933911899591977,-0.8830516591553725
1.1189567675735497,-0.694547238416497
1.2726500374078846,-0.8889424101735647
1.1566987399566855,-0.8116214481551706
1.057265667776378,-0.5954591171572561
0.8883585270257941,-0.5609643995937055
1.0515766113106446,-1.106243547108265
0.7015557796328484,-0.7034829675870877
1.2575963627921256,-0.658799973026927
0.6484372762136845,-1.0112262857231635
0.8872114818364483,-1.07889672440986
1.1018248837962343,-0.8355939249712943
1.195059475445897,-0.7191480277747516
0.9302117687803747,-0.8829644375001359
1.1888358700431083,-0.5353670571419752
1.1788201600342791,-1.0809623628219478
1.049040579933398,-0.6903666343342277
0.9033775907978517,-0.8557715406811283
0.7537538980280307,-1.0822593937791618
0.9764363482778112,-0.8712868606995383
0.9277770795899328,-1.0329036358368087
1.010379263550249,-0.8575315081335064
1.0823937468254767,-0.5699710146659924
0.7042758065893161,-0.8662524998232016
1.2859647313093014,-0.6902608910225614
0.9977655283242188,-0.6689616040440372
0.5904812488770737,-0.9050763269313764
1.2942800626921915,-0.723766615939506
0.863906484248592,-0.7244127896291532
1.0423763849415735,-0.5819935042941506
0.8820960274797065,-0.8538685781530839
1.0580846985946681,-1.0950819797911584
0.7708068437664617,-0.7081244160245592
0.9774000715669867,-0.5755644920025635
1.581609443340132,-1.2068780321225043
1.0152862052140494,-0.9544580565411784
0.9984037852806275,-1.0027654670709196
1.1308716168170458,-0.7151735621531742
0.9388951272307947,-0.7809874736356055
1.3058378118289926,-0.8986684690531438
0.614987201222306,-0.8704699233123664
0.43221093316579173,-1.2855245433595475
0.5490446260368991,-0.7634434854954463
1.1198418778451895,-0.4419910071859263
0.8738653576667009,-0.6930203154750199
0.9106539127630412,-0.706531542632832
1.1487710527796646,-0.6769509730280693
1.1570582964574976,-0.29290806940313774
1.485228841241474,-0.5917367726812721
1.073550809825265,-0.7000872215166638
1.2508836967055033,-0.8631035507269947
1.0561938967271904,-0.6135850399788149
1.042187225919491,-1.0020687121626897
0.7581824178880434,-0.5109370435794391
0.6201381045035342,-0.8859257710643719
1.3710325877812732,-0.6918683555394979
0.6599174322243053,-0.4818365487845677
0.8821086857814792,-0.8254084232147464
0.7256901135782525,-0.6252244237049587
1.0595910013488812,-1.1886092165432054
1.4836337486524556,-0.8529896849940022
0.9103495716893129,-1.1188271464966337
0.7676843406984524,-0.9057303239554338
0.9586750663715896,-0.9278046747596375
1.1537293296624798,-0.9365624042163796
0.9149677870485269,-0.9623795019364911
0.778105266079145,-1.064881077832836
0.8871295787594669,-0.7382676374974937
1.3125124032294468,-0.8572215425737227
0.8909515385834721,-0.8968170069478693
1.1535349932588532,-0.924472333234395
0.5790014006033615,-0.7892928244908262
0.9074564280236953,-1.0767617542139574
0.883052688219498,-1.0782308889588312
0.6220907174879972,-0.8056595867024376
0.48543713532400506,-0.9235123044025286
0.9941975514133892,-0.9612502516373581
1.1253140908111925,-1.0010689962438573
0.8899967848327783,-1.053785157801133
0.8190099676523246,-0.8296004478006815
0.7968787410126035,-1.2284731847239843
0.9115894109550751,-0.844253643823714
1.0353454130118027,-0.6719480809261739
1.2575816345539617,-1.0545123100245906
1.4893864076432997,-0.9851902933443744
0.6367027335368598,-1.1643841716436627
0.7189210988895229,-0.9142698930410763
0.5827410057303373,-0.6802224513173445
1.0252983655882972,-1.3183754274682764
1.1230799657676793,-0.8208478475549577
1.0455779200520416,-0.8837725275340849
1.0165602881493896,-0.7855906914348619
0.8634511060573302,-0.6617906617332534
0.757604048082483,-0.7251759355587228
1.2225347258900228,-1.0185640487447127
0.8931065776391224,-0.722321985088361
0.8387588997151381,-1.2014584378453117
0.8966348576836103,-0.8271071319446773
0.9528280413485498,-0.7974094813016859
1.101411374552118,-0.878708053579306
1.042134223270397,-0.9299267297021016
0.9642830345478526,-1.0168781644334206
0.8504681291892102,-1.0497612115903499
0.7498338614602768,-1.0639412724247737
0.5752440569724984,-0.6767229544791444
1.133238858994603,-0.8217810055409696
0.7573067961926021,-0.5793491535744681
1.076617662694026,-1.22206124739626
1.0458240508138508,-0.5968148723006159
1.05240528603917,-0.9317289225493939
0.859544723895141,-1.0839831121067967
0.8648887154989249,-0.885181847846237
0.7938276413578309,-1.0781147521905194
1.1160579420111787,-0.7597926799797221
1.0791194086270357,-0.9627003507467187
1.223367473730869,-1.1701635978080578
1.0125446373850635,-0.9534080741556202
0.9248376077059576,-1.1888017117966505
0.7924762933571146,-0.5292211894012864
0.7036570238014813,-0.8774163549847899
0.40294640839093876,-1.276879574070394
0.8784290552287655,-0.6405765153848785
1.0078337877778472,-0.638194413545099
1.15860798187748,-1.0378126157694079
0.8764244226503554,-0.9202954977079283
1.1071601014744967,-0.7050234673742232
1.1075228131954609,-0.6336519479859353
0.7729593913356502,-0.5463146630035705
0.8833876983014781,-0.8154821523837996
0.9423135669392736,-0.8692959350098747
0.9570467380885106,-1.0433288768435758
1.161903548834063,-0.7121220233019527
0.8399671620359951,-0.9961021492839488
0.7107243924086575,-1.0436653278006203
1.1431505178399788,-0.8811496983965821
1.1472034053065343,-0.6912556349768142
1.1672552334687862,-1.1300423481168629
1.4072893206008097,-0.6126329697434573
1.2680761308501056,-0.4587581426115325
0.6469155301834838,-0.709749466258831
0.5658081887318309,-1.1329017603940335
1.236720723185625,-0.8032953778411587
1.034060729802949,-0.7712441786509686
1.1203954202065667,-1.0029974399632415
1.0887905922281473,-0.9907435510047414
1.3198494453434615,-0.9223820981711849
0.648551239222721,-0.7235839932284778
0.7967227602895882,-0.7126337689160307
0.8619584239857973,-0.7726618494673237
0.7135074935168972,-1.1856483094065946
1.1653856620827003,-0.8702004742036029
0.7698714862444723,-0.8840686790248722
1.2590236877429264,-1.0523351063515411
1.1000043373486248,-0.6230545419879471
0.7843850539397546,-1.0171449531948045
0.8588898158565601,-0.95789742006686
1.092639571326998,-0.9813073709946631
1.0098731710721829,-1.0538851474825273
0.5607750994201253,-0.6033429727482673
1.2939052266162956,-0.8854883980376146
1.0102012030359175,-0.7505963072862414
0.98683332996595,-0.765583995299066
0.3515812292622982,-0.8059981689704945
0.7806812133830967,-0.7760086517429837
0.8832014826304881,-0.6867094731861547
-0.29610918888825194,-0.23470823728369555
-0.2713888852632273,-0.1276563535814219
-0.4459092127850016,-0.020645691380400927
-0.15731388860405401,-0.13866438530972716
-0.09658619820586753,-0.15715972026150493
-0.2876314337112647,-0.19978049117454494
-0.44748165962578756,-0.29835593305356056
-0.026167024275689454,0.027778972845396627
-0.05913051918319423,-0.2420645396388232
-0.1678222605624804,-0.06848966688531125
-0.48901039095313076,-0.5425893364889705
-0.1996111351804139,-0.09038551940495718
-0.23983964807849115,-0.10372471785444622
-0.22336112240305378,-0.29244453244555507
-0.11094685682752545,-0.24076186059531038
-0.20458422748772825,-0.299247459316097
-0.23884054677688155,-0.21666798379676763
-0.29267905322594245,-0.11067402137612148
-0.332509309454931,-0.03212184735023363
-0.38874167288147793,-0.08818283796358563
-0.3269853087491699,-0.16673223990465083
-0.30103131025851065,-0.29209543232331076
-0.2319214866864178,0.054129984665333974
-0.2761210823048009,-0.16203690310329774
-0.2587909762534349,-0.12166348677757587
-0.07088440806209845,0.07427498445077019
-0.18425278718707266,-0.17242648592240864
-0.2998341998118826,-0.12264130886232122
-0.4452378688131088,-0.09681286082571718
-0.17946421982664953,0.0681047673340385
-0.2740839534856194,-0.07247899650439575
-0.25664864931403547,-0.12476148349621
-0.265062008674772,-0.043632735042495735
-0.165773741311681,-0.10258891739544596
-0.33045390328500157,-0.2103990958634564
-0.30058129487941415,-0.02245071107648755
-0.14616844074486446,-0.01973293152440439
-0.3207456765685488,-0.24826234284368767
-0.24054386652915644,-0.3319770475835924
-0.1311059529644957,-0.08744257510100509
-0.5696936374499691,-0.1701877089649817
-0.21660445982540238,-0.18947136064332504
-0.22804707623050957,0.02242523379023631
-0.3690896392944635,-0.35903930990524113
-0.28376753835687607,-0.015098632026545877
-0.2494635141914709,-0.1499935326825811
-0.32214133606334067,-0.11419206816594271
-0.30106895903915415,-0.08004777274754009
-0.15273758892743128,-0.17514017366811763
-0.2953269756548854,0.1582016393963262
-0.3520343334091996,0.029911082113883908
-0.15978626534034412,-0.1443409587060699
-0.43596950405674895,-0.066000925328493
-0.28847163763982875,-0.1997649556561356
-0.2481854439659157,-0.15868603216611543
-0.40875891908338824,-0.08016239294725472
-0.4585637895815494,-0.12108369520901369
-0.2974484074799779,-0.014622347690258691
-0.36388933708292626,-0.15128249147084213
-0.3175945354897195,-0.11151259908097318
-0.12005368181449708,-0.25900417273176374
-0.31479369634036325,-0.29456050774183196
-0.30095860685330666,-0.09874383363977615
-0.27914323037264216,-0.3833141970519058
-0.32916292298647304,-0.011233867027285321
-0.1054470320480303,0.08229351990379219
-0.19711814554560064,-0.06851397513354825
-0.2966744355836042,-0.20626307802026286
-0.16961399736214544,-0.10400198929606498
-0.24938882948918065,-0.11427209952928277
-0.26201410145556836,-0.1351058403562891
-0.38392526974848934,-0.22965881344910824
-0.33657476326581537,-0.10886832905123298
-0.2929955482871652,-0.2589315758830054
-0.38868640499655754,0.0852477351596782
-0.10200103938746377,0.08009499686867899
-0.2813900809633266,-0.34076936426332893
-0.36820718524750773,-0.08586150227906612
-0.3078893772052129,0.032389982040373605
-0.0695489909482257,-0.29092816992341797
-0.09761886856193713,-0.5178895268698986
-0.24258377674380419,-0.1595615741377138
-0.2720428877887688,-0.047181028795821006
-0.3172055848115747,-0.25956019739394104
-0.3677326644819259,-0.19548324542884896
-0.29885180662683974,-0.20315566012491254
-0.3232027803187865,0.07556380991833225
-0.20147998896065836,-0.2980003639173857
-0.4041941384527343,-0.24072996378215888
-0.31319128104968474,-0.1844334888379324
-0.2544150639265699,-0.1660410169865919
-0.36020615099221465,-0.14986909826309
-0.3188709198357167,-0.016265262745384895
-0.2010823746756359,-0.153683274850567
-0.23548701787478182,-0.09422185304789406
-0.1073813942840357,-0.2774795547895461
-0.4270510841277576,-0.18806721772522828
-0.1742590417870002,-0.569261626243915
-0.2522331913354431,-0.1375930391189854
-0.20818984110780242,-0.22780776417957715
-0.05802370473055457,0.009793851240311069
-0.089119682847463,-0.27512207471073685
-0.14034980271422073,-0.0021728937054132647
-0.3043411159777421,-0.19801804609753654
-0.29944232690772876,-0.022554803676890223
-0.33551487375023664,-0.07483214742123917
-0.2700618342143968,-0.22588076934135481
-0.23492269052177217,-0.37916624029069224
-0.32620432800250676,-0.1993623441966894
-0.15422429413058125,-0.1543797355639027
-0.17399221288267885,-0.06886038221226393
-0.22156051041999386,-0.061127489579558186
-0.38017645806494127,-0.2529817826149563
-0.25572625994101966,-0.08804311101131557
-0.17932784502338076,0.1388854986496092
-0.3540977157316143,0.027815417994131286
-0.18682820034436393,-0.11819777327134473
-0.4384157819784299,-0.14662119607738308
-0.27230587208473217,-0.2430787015780576
-0.15822291817446835,-0.24979977681085852
-0.4006747397907002,-0.38701286324643613
-0.3434748467603057,-0.1301575573840652
-0.30467937543768264,-0.13639269021084446
-0.15348031466097167,-0.033360189104192195
-0.42912707236647596,-0.11909813614836691
-0.23592445245884108,-0.2702487938855193
-0.07095884915313819,-0.32339066024462726
-0.22821924585586129,-0.2978265673575183
-0.5770982721990936,-0.13439153674209148
-0.18638578977730597,-0.5625211927559008
-0.3025816858415668,-0.2655590636868942
-0.3485390845145805,0.03185889758300939
-0.25913124077805333,-0.26362379225793486
-0.30993966069274614,-0.07324168345260275
-0.23973716646892831,-0.11585468977690332
-0.24314562873361045,-0.16642971347291063
-0.3326556451953126,-0.2786398068138996
-0.3353783261387136,-0.2501610171318255
-0.15671473058631644,-0.1993491278602957
-0.276737138193778,-0.3764305784392479
-0.35029467419539,-0.04319390690261554
-0.23233981013796487,-0.3195622004607922
-0.3809285096884124,-0.2981481860783284
-0.21063643750521632,-0.273527887164276
-0.09242045189578507,-0.077733551358088
-0.229514415483571,-0.1569993086786361
-0.3200957653167286,0.00546129453961175
-0.2960856361205313,0.0292170912006616
-0.2611104112155903,-0.14946160886988252
-0.06031533463989211,0.05761928641611702
-0.2948434443772766,0.0969034643220063
-0.29589860283422087,-0.10946065240727026
-0.0836496299191315,-0.327477746192714
-0.4044856823970897,-0.024308181607947288
-0.3194056673441736,-0.29743752219559033
-0.2770164451088951,-0.2439517571767426
-0.20240730213692198,-0.03388568476961232
-0.23754433804351016,-0.24628941930851606
-0.2023194953032828,-0.15463278321362525
-0.3691387861552986,-0.31152445768050885
-0.2560968023167935,-0.23453692331914403
-0.1031261807699991,-0.1271429868856817
-0.1895265411178812,-0.2973851494533851
-0.2381273347642268,-0.1507575244907049
-0.38253246441661004,-0.020095944056245485
-0.39817648088662416,0.09676394673809013
-0.3410366265864876,-0.17126984077824103
-0.4273217644758708,-0.33059075668683247
-0.2960000110528692,-0.37169479276203343
-0.24635676890232394,-0.20396179144134965
-0.5043637614632367,-0.1549259968206926
-0.32490187932433495,-0.3061841114952115
-0.3032642047880093,-0.17840275512192857
-0.40387203689559487,-0.09993491521381646
-0.14542696564101376,-0.1437298762589517
-0.35322493178835634,-0.2166807935762983
-0.18765149131994588,-0.11199894079518422
-0.1987676528050327,0.02320388102709922
-0.10870441987203522,-0.12459985126369821
-0.26921789658496803,-0.5695353804265748
-0.13746357669584577,-0.013901152760245589
-0.4078188259113792,-0.2045367259500397
-0.3401547376471114,-0.2822455536823134
-0.16956356815796436,-0.12325573037919207
-0.4464128070889624,-0.12081594286728906
-0.21704190478851706,0.12372206047543988
-0.3432870819750991,-0.19396833296960575
-0.3343572766749422,-0.41252515494788095
-0.20533146690770954,-0.23989022757556927
-0.2835414321511491,-0.05889003998986728
-0.21676939065800052,-0.06615048636362193
-0.30545915687386993,-0.10477308937684325
-0.21259316638154935,-0.07243796011246816
-0.39072284833841053,-0.24503631778743018
-0.27391381344846644,0.09441047880989134
-0.3307872159829354,-0.017545555790657863
-0.29753121842493924,-0.15393381948218043
-0.4218857444929388,-0.07172691289606378
-0.2680376640197326,-0.2772464264856632
-0.1371715041926729,-0.22346427834171323
